image_path,true_label,status_code,predicted_label,response_json
data\processed\PetImages_224_split\test\Cat\10001.jpg,Cat,200,"{'probabilities': [0.7799263000488281, 0.22007375955581665], 'predicted_class': 0, 'predicted_label': None}","{""predictions"": [{""probabilities"": [0.7799263000488281, 0.22007375955581665], ""predicted_class"": 0, ""predicted_label"": null}]}"
data\processed\PetImages_224_split\test\Cat\10004.jpg,Cat,200,"{'probabilities': [0.971828281879425, 0.028171706944704056], 'predicted_class': 0, 'predicted_label': None}","{""predictions"": [{""probabilities"": [0.971828281879425, 0.028171706944704056], ""predicted_class"": 0, ""predicted_label"": null}]}"
data\processed\PetImages_224_split\test\Cat\10012.jpg,Cat,200,"{'probabilities': [0.9999834299087524, 1.6587136997259222e-05], 'predicted_class': 0, 'predicted_label': None}","{""predictions"": [{""probabilities"": [0.9999834299087524, 1.6587136997259222e-05], ""predicted_class"": 0, ""predicted_label"": null}]}"
data\processed\PetImages_224_split\test\Cat\10020.jpg,Cat,200,"{'probabilities': [0.9731422662734985, 0.02685774862766266], 'predicted_class': 0, 'predicted_label': None}","{""predictions"": [{""probabilities"": [0.9731422662734985, 0.02685774862766266], ""predicted_class"": 0, ""predicted_label"": null}]}"
data\processed\PetImages_224_split\test\Cat\10028.jpg,Cat,200,"{'probabilities': [0.9998779296875, 0.00012206536484882236], 'predicted_class': 0, 'predicted_label': None}","{""predictions"": [{""probabilities"": [0.9998779296875, 0.00012206536484882236], ""predicted_class"": 0, ""predicted_label"": null}]}"
data\processed\PetImages_224_split\test\Cat\10034.jpg,Cat,200,"{'probabilities': [0.969999372959137, 0.030000628903508186], 'predicted_class': 0, 'predicted_label': None}","{""predictions"": [{""probabilities"": [0.969999372959137, 0.030000628903508186], ""predicted_class"": 0, ""predicted_label"": null}]}"
data\processed\PetImages_224_split\test\Cat\10035.jpg,Cat,200,"{'probabilities': [0.9969719648361206, 0.0030280076898634434], 'predicted_class': 0, 'predicted_label': None}","{""predictions"": [{""probabilities"": [0.9969719648361206, 0.0030280076898634434], ""predicted_class"": 0, ""predicted_label"": null}]}"
data\processed\PetImages_224_split\test\Cat\10044.jpg,Cat,200,"{'probabilities': [0.8105945587158203, 0.1894054114818573], 'predicted_class': 0, 'predicted_label': None}","{""predictions"": [{""probabilities"": [0.8105945587158203, 0.1894054114818573], ""predicted_class"": 0, ""predicted_label"": null}]}"
data\processed\PetImages_224_split\test\Cat\10049.jpg,Cat,200,"{'probabilities': [0.231694296002388, 0.7683057188987732], 'predicted_class': 1, 'predicted_label': None}","{""predictions"": [{""probabilities"": [0.231694296002388, 0.7683057188987732], ""predicted_class"": 1, ""predicted_label"": null}]}"
data\processed\PetImages_224_split\test\Cat\10078.jpg,Cat,200,"{'probabilities': [0.7446612119674683, 0.25533875823020935], 'predicted_class': 0, 'predicted_label': None}","{""predictions"": [{""probabilities"": [0.7446612119674683, 0.25533875823020935], ""predicted_class"": 0, ""predicted_label"": null}]}"
data\processed\PetImages_224_split\test\Cat\10083.jpg,Cat,200,"{'probabilities': [0.9997144341468811, 0.0002855617494788021], 'predicted_class': 0, 'predicted_label': None}","{""predictions"": [{""probabilities"": [0.9997144341468811, 0.0002855617494788021], ""predicted_class"": 0, ""predicted_label"": null}]}"
data\processed\PetImages_224_split\test\Cat\10092.jpg,Cat,200,"{'probabilities': [0.9986020922660828, 0.001397971878759563], 'predicted_class': 0, 'predicted_label': None}","{""predictions"": [{""probabilities"": [0.9986020922660828, 0.001397971878759563], ""predicted_class"": 0, ""predicted_label"": null}]}"
data\processed\PetImages_224_split\test\Cat\10101.jpg,Cat,200,"{'probabilities': [0.9502919316291809, 0.04970802366733551], 'predicted_class': 0, 'predicted_label': None}","{""predictions"": [{""probabilities"": [0.9502919316291809, 0.04970802366733551], ""predicted_class"": 0, ""predicted_label"": null}]}"
data\processed\PetImages_224_split\test\Cat\10111.jpg,Cat,200,"{'probabilities': [0.8673442006111145, 0.13265575468540192], 'predicted_class': 0, 'predicted_label': None}","{""predictions"": [{""probabilities"": [0.8673442006111145, 0.13265575468540192], ""predicted_class"": 0, ""predicted_label"": null}]}"
data\processed\PetImages_224_split\test\Cat\10133.jpg,Cat,200,"{'probabilities': [0.5373155474662781, 0.4626844525337219], 'predicted_class': 0, 'predicted_label': None}","{""predictions"": [{""probabilities"": [0.5373155474662781, 0.4626844525337219], ""predicted_class"": 0, ""predicted_label"": null}]}"
data\processed\PetImages_224_split\test\Cat\10139.jpg,Cat,200,"{'probabilities': [0.7261621356010437, 0.2738379240036011], 'predicted_class': 0, 'predicted_label': None}","{""predictions"": [{""probabilities"": [0.7261621356010437, 0.2738379240036011], ""predicted_class"": 0, ""predicted_label"": null}]}"
data\processed\PetImages_224_split\test\Cat\10146.jpg,Cat,200,"{'probabilities': [0.716280460357666, 0.28371956944465637], 'predicted_class': 0, 'predicted_label': None}","{""predictions"": [{""probabilities"": [0.716280460357666, 0.28371956944465637], ""predicted_class"": 0, ""predicted_label"": null}]}"
data\processed\PetImages_224_split\test\Cat\10166.jpg,Cat,200,"{'probabilities': [0.5134548544883728, 0.4865450859069824], 'predicted_class': 0, 'predicted_label': None}","{""predictions"": [{""probabilities"": [0.5134548544883728, 0.4865450859069824], ""predicted_class"": 0, ""predicted_label"": null}]}"
data\processed\PetImages_224_split\test\Cat\10177.jpg,Cat,200,"{'probabilities': [0.6983853578567505, 0.3016146421432495], 'predicted_class': 0, 'predicted_label': None}","{""predictions"": [{""probabilities"": [0.6983853578567505, 0.3016146421432495], ""predicted_class"": 0, ""predicted_label"": null}]}"
data\processed\PetImages_224_split\test\Cat\10183.jpg,Cat,200,"{'probabilities': [0.8088819980621338, 0.19111798703670502], 'predicted_class': 0, 'predicted_label': None}","{""predictions"": [{""probabilities"": [0.8088819980621338, 0.19111798703670502], ""predicted_class"": 0, ""predicted_label"": null}]}"
data\processed\PetImages_224_split\test\Cat\10199.jpg,Cat,200,"{'probabilities': [0.9945569038391113, 0.005443089175969362], 'predicted_class': 0, 'predicted_label': None}","{""predictions"": [{""probabilities"": [0.9945569038391113, 0.005443089175969362], ""predicted_class"": 0, ""predicted_label"": null}]}"
data\processed\PetImages_224_split\test\Cat\10204.jpg,Cat,200,"{'probabilities': [0.8070021271705627, 0.19299791753292084], 'predicted_class': 0, 'predicted_label': None}","{""predictions"": [{""probabilities"": [0.8070021271705627, 0.19299791753292084], ""predicted_class"": 0, ""predicted_label"": null}]}"
data\processed\PetImages_224_split\test\Cat\10213.jpg,Cat,200,"{'probabilities': [0.03448004648089409, 0.965519905090332], 'predicted_class': 1, 'predicted_label': None}","{""predictions"": [{""probabilities"": [0.03448004648089409, 0.965519905090332], ""predicted_class"": 1, ""predicted_label"": null}]}"
data\processed\PetImages_224_split\test\Cat\10222.jpg,Cat,200,"{'probabilities': [0.29760831594467163, 0.7023916244506836], 'predicted_class': 1, 'predicted_label': None}","{""predictions"": [{""probabilities"": [0.29760831594467163, 0.7023916244506836], ""predicted_class"": 1, ""predicted_label"": null}]}"
data\processed\PetImages_224_split\test\Cat\10250.jpg,Cat,200,"{'probabilities': [0.44088950753211975, 0.5591105222702026], 'predicted_class': 1, 'predicted_label': None}","{""predictions"": [{""probabilities"": [0.44088950753211975, 0.5591105222702026], ""predicted_class"": 1, ""predicted_label"": null}]}"
data\processed\PetImages_224_split\test\Cat\10282.jpg,Cat,200,"{'probabilities': [0.09839601814746857, 0.9016039371490479], 'predicted_class': 1, 'predicted_label': None}","{""predictions"": [{""probabilities"": [0.09839601814746857, 0.9016039371490479], ""predicted_class"": 1, ""predicted_label"": null}]}"
data\processed\PetImages_224_split\test\Cat\10284.jpg,Cat,200,"{'probabilities': [0.9242308735847473, 0.07576914876699448], 'predicted_class': 0, 'predicted_label': None}","{""predictions"": [{""probabilities"": [0.9242308735847473, 0.07576914876699448], ""predicted_class"": 0, ""predicted_label"": null}]}"
data\processed\PetImages_224_split\test\Cat\10285.jpg,Cat,200,"{'probabilities': [0.892169713973999, 0.1078302264213562], 'predicted_class': 0, 'predicted_label': None}","{""predictions"": [{""probabilities"": [0.892169713973999, 0.1078302264213562], ""predicted_class"": 0, ""predicted_label"": null}]}"
data\processed\PetImages_224_split\test\Cat\10297.jpg,Cat,200,"{'probabilities': [0.30780887603759766, 0.6921911835670471], 'predicted_class': 1, 'predicted_label': None}","{""predictions"": [{""probabilities"": [0.30780887603759766, 0.6921911835670471], ""predicted_class"": 1, ""predicted_label"": null}]}"
data\processed\PetImages_224_split\test\Cat\10301.jpg,Cat,200,"{'probabilities': [0.051136989146471024, 0.9488630890846252], 'predicted_class': 1, 'predicted_label': None}","{""predictions"": [{""probabilities"": [0.051136989146471024, 0.9488630890846252], ""predicted_class"": 1, ""predicted_label"": null}]}"
data\processed\PetImages_224_split\test\Cat\10306.jpg,Cat,200,"{'probabilities': [0.059866782277822495, 0.940133273601532], 'predicted_class': 1, 'predicted_label': None}","{""predictions"": [{""probabilities"": [0.059866782277822495, 0.940133273601532], ""predicted_class"": 1, ""predicted_label"": null}]}"
data\processed\PetImages_224_split\test\Cat\10345.jpg,Cat,200,"{'probabilities': [0.9094984531402588, 0.09050154685974121], 'predicted_class': 0, 'predicted_label': None}","{""predictions"": [{""probabilities"": [0.9094984531402588, 0.09050154685974121], ""predicted_class"": 0, ""predicted_label"": null}]}"
data\processed\PetImages_224_split\test\Cat\10357.jpg,Cat,200,"{'probabilities': [0.9950969815254211, 0.004903006367385387], 'predicted_class': 0, 'predicted_label': None}","{""predictions"": [{""probabilities"": [0.9950969815254211, 0.004903006367385387], ""predicted_class"": 0, ""predicted_label"": null}]}"
data\processed\PetImages_224_split\test\Cat\10362.jpg,Cat,200,"{'probabilities': [0.6769245862960815, 0.32307538390159607], 'predicted_class': 0, 'predicted_label': None}","{""predictions"": [{""probabilities"": [0.6769245862960815, 0.32307538390159607], ""predicted_class"": 0, ""predicted_label"": null}]}"
data\processed\PetImages_224_split\test\Cat\10365.jpg,Cat,200,"{'probabilities': [0.17054136097431183, 0.8294586539268494], 'predicted_class': 1, 'predicted_label': None}","{""predictions"": [{""probabilities"": [0.17054136097431183, 0.8294586539268494], ""predicted_class"": 1, ""predicted_label"": null}]}"
data\processed\PetImages_224_split\test\Cat\10375.jpg,Cat,200,"{'probabilities': [0.996972918510437, 0.003027103841304779], 'predicted_class': 0, 'predicted_label': None}","{""predictions"": [{""probabilities"": [0.996972918510437, 0.003027103841304779], ""predicted_class"": 0, ""predicted_label"": null}]}"
data\processed\PetImages_224_split\test\Cat\10378.jpg,Cat,200,"{'probabilities': [0.9347767233848572, 0.06522329896688461], 'predicted_class': 0, 'predicted_label': None}","{""predictions"": [{""probabilities"": [0.9347767233848572, 0.06522329896688461], ""predicted_class"": 0, ""predicted_label"": null}]}"
data\processed\PetImages_224_split\test\Cat\10388.jpg,Cat,200,"{'probabilities': [0.20210041105747223, 0.797899603843689], 'predicted_class': 1, 'predicted_label': None}","{""predictions"": [{""probabilities"": [0.20210041105747223, 0.797899603843689], ""predicted_class"": 1, ""predicted_label"": null}]}"
data\processed\PetImages_224_split\test\Cat\10394.jpg,Cat,200,"{'probabilities': [0.9976676106452942, 0.0023323246277868748], 'predicted_class': 0, 'predicted_label': None}","{""predictions"": [{""probabilities"": [0.9976676106452942, 0.0023323246277868748], ""predicted_class"": 0, ""predicted_label"": null}]}"
data\processed\PetImages_224_split\test\Cat\10397.jpg,Cat,200,"{'probabilities': [0.638343334197998, 0.3616565763950348], 'predicted_class': 0, 'predicted_label': None}","{""predictions"": [{""probabilities"": [0.638343334197998, 0.3616565763950348], ""predicted_class"": 0, ""predicted_label"": null}]}"
data\processed\PetImages_224_split\test\Cat\10403.jpg,Cat,200,"{'probabilities': [0.9839230179786682, 0.016076920554041862], 'predicted_class': 0, 'predicted_label': None}","{""predictions"": [{""probabilities"": [0.9839230179786682, 0.016076920554041862], ""predicted_class"": 0, ""predicted_label"": null}]}"
data\processed\PetImages_224_split\test\Cat\1042.jpg,Cat,200,"{'probabilities': [0.3532741367816925, 0.6467258930206299], 'predicted_class': 1, 'predicted_label': None}","{""predictions"": [{""probabilities"": [0.3532741367816925, 0.6467258930206299], ""predicted_class"": 1, ""predicted_label"": null}]}"
data\processed\PetImages_224_split\test\Cat\10421.jpg,Cat,200,"{'probabilities': [0.909088134765625, 0.0909118801355362], 'predicted_class': 0, 'predicted_label': None}","{""predictions"": [{""probabilities"": [0.909088134765625, 0.0909118801355362], ""predicted_class"": 0, ""predicted_label"": null}]}"
data\processed\PetImages_224_split\test\Cat\10423.jpg,Cat,200,"{'probabilities': [0.7606677412986755, 0.23933224380016327], 'predicted_class': 0, 'predicted_label': None}","{""predictions"": [{""probabilities"": [0.7606677412986755, 0.23933224380016327], ""predicted_class"": 0, ""predicted_label"": null}]}"
data\processed\PetImages_224_split\test\Cat\10424.jpg,Cat,200,"{'probabilities': [0.9877852201461792, 0.012214787304401398], 'predicted_class': 0, 'predicted_label': None}","{""predictions"": [{""probabilities"": [0.9877852201461792, 0.012214787304401398], ""predicted_class"": 0, ""predicted_label"": null}]}"
data\processed\PetImages_224_split\test\Cat\10436.jpg,Cat,200,"{'probabilities': [0.9201699495315552, 0.07983008027076721], 'predicted_class': 0, 'predicted_label': None}","{""predictions"": [{""probabilities"": [0.9201699495315552, 0.07983008027076721], ""predicted_class"": 0, ""predicted_label"": null}]}"
data\processed\PetImages_224_split\test\Cat\10454.jpg,Cat,200,"{'probabilities': [0.911568284034729, 0.08843167871236801], 'predicted_class': 0, 'predicted_label': None}","{""predictions"": [{""probabilities"": [0.911568284034729, 0.08843167871236801], ""predicted_class"": 0, ""predicted_label"": null}]}"
data\processed\PetImages_224_split\test\Cat\1046.jpg,Cat,200,"{'probabilities': [0.8256567120552063, 0.17434321343898773], 'predicted_class': 0, 'predicted_label': None}","{""predictions"": [{""probabilities"": [0.8256567120552063, 0.17434321343898773], ""predicted_class"": 0, ""predicted_label"": null}]}"
data\processed\PetImages_224_split\test\Cat\10465.jpg,Cat,200,"{'probabilities': [0.9138251543045044, 0.0861748605966568], 'predicted_class': 0, 'predicted_label': None}","{""predictions"": [{""probabilities"": [0.9138251543045044, 0.0861748605966568], ""predicted_class"": 0, ""predicted_label"": null}]}"
data\processed\PetImages_224_split\test\Cat\1047.jpg,Cat,200,"{'probabilities': [0.9150937795639038, 0.08490625768899918], 'predicted_class': 0, 'predicted_label': None}","{""predictions"": [{""probabilities"": [0.9150937795639038, 0.08490625768899918], ""predicted_class"": 0, ""predicted_label"": null}]}"
data\processed\PetImages_224_split\test\Cat\10478.jpg,Cat,200,"{'probabilities': [0.9321064949035645, 0.06789354979991913], 'predicted_class': 0, 'predicted_label': None}","{""predictions"": [{""probabilities"": [0.9321064949035645, 0.06789354979991913], ""predicted_class"": 0, ""predicted_label"": null}]}"
data\processed\PetImages_224_split\test\Cat\10526.jpg,Cat,200,"{'probabilities': [0.9831740260124207, 0.01682593859732151], 'predicted_class': 0, 'predicted_label': None}","{""predictions"": [{""probabilities"": [0.9831740260124207, 0.01682593859732151], ""predicted_class"": 0, ""predicted_label"": null}]}"
data\processed\PetImages_224_split\test\Cat\10528.jpg,Cat,200,"{'probabilities': [0.9318769574165344, 0.06812310218811035], 'predicted_class': 0, 'predicted_label': None}","{""predictions"": [{""probabilities"": [0.9318769574165344, 0.06812310218811035], ""predicted_class"": 0, ""predicted_label"": null}]}"
data\processed\PetImages_224_split\test\Cat\10538.jpg,Cat,200,"{'probabilities': [0.20527134835720062, 0.7947286367416382], 'predicted_class': 1, 'predicted_label': None}","{""predictions"": [{""probabilities"": [0.20527134835720062, 0.7947286367416382], ""predicted_class"": 1, ""predicted_label"": null}]}"
data\processed\PetImages_224_split\test\Cat\10542.jpg,Cat,200,"{'probabilities': [0.8016701340675354, 0.198329895734787], 'predicted_class': 0, 'predicted_label': None}","{""predictions"": [{""probabilities"": [0.8016701340675354, 0.198329895734787], ""predicted_class"": 0, ""predicted_label"": null}]}"
data\processed\PetImages_224_split\test\Cat\10560.jpg,Cat,200,"{'probabilities': [0.9993839263916016, 0.0006160402554087341], 'predicted_class': 0, 'predicted_label': None}","{""predictions"": [{""probabilities"": [0.9993839263916016, 0.0006160402554087341], ""predicted_class"": 0, ""predicted_label"": null}]}"
data\processed\PetImages_224_split\test\Cat\10568.jpg,Cat,200,"{'probabilities': [0.8065857291221619, 0.19341425597667694], 'predicted_class': 0, 'predicted_label': None}","{""predictions"": [{""probabilities"": [0.8065857291221619, 0.19341425597667694], ""predicted_class"": 0, ""predicted_label"": null}]}"
data\processed\PetImages_224_split\test\Cat\10583.jpg,Cat,200,"{'probabilities': [0.9977396726608276, 0.002260304056107998], 'predicted_class': 0, 'predicted_label': None}","{""predictions"": [{""probabilities"": [0.9977396726608276, 0.002260304056107998], ""predicted_class"": 0, ""predicted_label"": null}]}"
data\processed\PetImages_224_split\test\Cat\10585.jpg,Cat,200,"{'probabilities': [0.9300962686538696, 0.06990373879671097], 'predicted_class': 0, 'predicted_label': None}","{""predictions"": [{""probabilities"": [0.9300962686538696, 0.06990373879671097], ""predicted_class"": 0, ""predicted_label"": null}]}"
data\processed\PetImages_224_split\test\Cat\10590.jpg,Cat,200,"{'probabilities': [0.20676831901073456, 0.7932316660881042], 'predicted_class': 1, 'predicted_label': None}","{""predictions"": [{""probabilities"": [0.20676831901073456, 0.7932316660881042], ""predicted_class"": 1, ""predicted_label"": null}]}"
data\processed\PetImages_224_split\test\Cat\10601.jpg,Cat,200,"{'probabilities': [0.645552396774292, 0.354447603225708], 'predicted_class': 0, 'predicted_label': None}","{""predictions"": [{""probabilities"": [0.645552396774292, 0.354447603225708], ""predicted_class"": 0, ""predicted_label"": null}]}"
data\processed\PetImages_224_split\test\Cat\10613.jpg,Cat,200,"{'probabilities': [0.8952760696411133, 0.10472393780946732], 'predicted_class': 0, 'predicted_label': None}","{""predictions"": [{""probabilities"": [0.8952760696411133, 0.10472393780946732], ""predicted_class"": 0, ""predicted_label"": null}]}"
data\processed\PetImages_224_split\test\Cat\10637.jpg,Cat,200,"{'probabilities': [0.23528558015823364, 0.7647144198417664], 'predicted_class': 1, 'predicted_label': None}","{""predictions"": [{""probabilities"": [0.23528558015823364, 0.7647144198417664], ""predicted_class"": 1, ""predicted_label"": null}]}"
data\processed\PetImages_224_split\test\Cat\10640.jpg,Cat,200,"{'probabilities': [0.8907170295715332, 0.1092829555273056], 'predicted_class': 0, 'predicted_label': None}","{""predictions"": [{""probabilities"": [0.8907170295715332, 0.1092829555273056], ""predicted_class"": 0, ""predicted_label"": null}]}"
data\processed\PetImages_224_split\test\Cat\10647.jpg,Cat,200,"{'probabilities': [0.5864697098731995, 0.4135303497314453], 'predicted_class': 0, 'predicted_label': None}","{""predictions"": [{""probabilities"": [0.5864697098731995, 0.4135303497314453], ""predicted_class"": 0, ""predicted_label"": null}]}"
data\processed\PetImages_224_split\test\Cat\10651.jpg,Cat,200,"{'probabilities': [0.06482519954442978, 0.935174822807312], 'predicted_class': 1, 'predicted_label': None}","{""predictions"": [{""probabilities"": [0.06482519954442978, 0.935174822807312], ""predicted_class"": 1, ""predicted_label"": null}]}"
data\processed\PetImages_224_split\test\Cat\10668.jpg,Cat,200,"{'probabilities': [0.9486791491508484, 0.051320821046829224], 'predicted_class': 0, 'predicted_label': None}","{""predictions"": [{""probabilities"": [0.9486791491508484, 0.051320821046829224], ""predicted_class"": 0, ""predicted_label"": null}]}"
data\processed\PetImages_224_split\test\Cat\10672.jpg,Cat,200,"{'probabilities': [0.5609949231147766, 0.439005047082901], 'predicted_class': 0, 'predicted_label': None}","{""predictions"": [{""probabilities"": [0.5609949231147766, 0.439005047082901], ""predicted_class"": 0, ""predicted_label"": null}]}"
data\processed\PetImages_224_split\test\Cat\10675.jpg,Cat,200,"{'probabilities': [0.9850687384605408, 0.014931311830878258], 'predicted_class': 0, 'predicted_label': None}","{""predictions"": [{""probabilities"": [0.9850687384605408, 0.014931311830878258], ""predicted_class"": 0, ""predicted_label"": null}]}"
data\processed\PetImages_224_split\test\Cat\10679.jpg,Cat,200,"{'probabilities': [0.4556982219219208, 0.5443017482757568], 'predicted_class': 1, 'predicted_label': None}","{""predictions"": [{""probabilities"": [0.4556982219219208, 0.5443017482757568], ""predicted_class"": 1, ""predicted_label"": null}]}"
data\processed\PetImages_224_split\test\Cat\10691.jpg,Cat,200,"{'probabilities': [0.457085520029068, 0.5429145097732544], 'predicted_class': 1, 'predicted_label': None}","{""predictions"": [{""probabilities"": [0.457085520029068, 0.5429145097732544], ""predicted_class"": 1, ""predicted_label"": null}]}"
data\processed\PetImages_224_split\test\Cat\10736.jpg,Cat,200,"{'probabilities': [0.9659292697906494, 0.03407071903347969], 'predicted_class': 0, 'predicted_label': None}","{""predictions"": [{""probabilities"": [0.9659292697906494, 0.03407071903347969], ""predicted_class"": 0, ""predicted_label"": null}]}"
data\processed\PetImages_224_split\test\Cat\10737.jpg,Cat,200,"{'probabilities': [0.6943804025650024, 0.30561962723731995], 'predicted_class': 0, 'predicted_label': None}","{""predictions"": [{""probabilities"": [0.6943804025650024, 0.30561962723731995], ""predicted_class"": 0, ""predicted_label"": null}]}"
data\processed\PetImages_224_split\test\Cat\10738.jpg,Cat,200,"{'probabilities': [0.6979803442955017, 0.3020196259021759], 'predicted_class': 0, 'predicted_label': None}","{""predictions"": [{""probabilities"": [0.6979803442955017, 0.3020196259021759], ""predicted_class"": 0, ""predicted_label"": null}]}"
data\processed\PetImages_224_split\test\Cat\10742.jpg,Cat,200,"{'probabilities': [0.9985382556915283, 0.0014617691049352288], 'predicted_class': 0, 'predicted_label': None}","{""predictions"": [{""probabilities"": [0.9985382556915283, 0.0014617691049352288], ""predicted_class"": 0, ""predicted_label"": null}]}"
data\processed\PetImages_224_split\test\Cat\10746.jpg,Cat,200,"{'probabilities': [0.9996516704559326, 0.00034834048710763454], 'predicted_class': 0, 'predicted_label': None}","{""predictions"": [{""probabilities"": [0.9996516704559326, 0.00034834048710763454], ""predicted_class"": 0, ""predicted_label"": null}]}"
data\processed\PetImages_224_split\test\Cat\10754.jpg,Cat,200,"{'probabilities': [0.6105783581733704, 0.38942158222198486], 'predicted_class': 0, 'predicted_label': None}","{""predictions"": [{""probabilities"": [0.6105783581733704, 0.38942158222198486], ""predicted_class"": 0, ""predicted_label"": null}]}"
data\processed\PetImages_224_split\test\Cat\10758.jpg,Cat,200,"{'probabilities': [0.9633034467697144, 0.036696575582027435], 'predicted_class': 0, 'predicted_label': None}","{""predictions"": [{""probabilities"": [0.9633034467697144, 0.036696575582027435], ""predicted_class"": 0, ""predicted_label"": null}]}"
data\processed\PetImages_224_split\test\Cat\10765.jpg,Cat,200,"{'probabilities': [0.7806898355484009, 0.21931017935276031], 'predicted_class': 0, 'predicted_label': None}","{""predictions"": [{""probabilities"": [0.7806898355484009, 0.21931017935276031], ""predicted_class"": 0, ""predicted_label"": null}]}"
data\processed\PetImages_224_split\test\Cat\10788.jpg,Cat,200,"{'probabilities': [0.9993378520011902, 0.0006620901403948665], 'predicted_class': 0, 'predicted_label': None}","{""predictions"": [{""probabilities"": [0.9993378520011902, 0.0006620901403948665], ""predicted_class"": 0, ""predicted_label"": null}]}"
data\processed\PetImages_224_split\test\Cat\10796.jpg,Cat,200,"{'probabilities': [0.9976250529289246, 0.002374897012487054], 'predicted_class': 0, 'predicted_label': None}","{""predictions"": [{""probabilities"": [0.9976250529289246, 0.002374897012487054], ""predicted_class"": 0, ""predicted_label"": null}]}"
data\processed\PetImages_224_split\test\Cat\10797.jpg,Cat,200,"{'probabilities': [0.6197203397750854, 0.38027969002723694], 'predicted_class': 0, 'predicted_label': None}","{""predictions"": [{""probabilities"": [0.6197203397750854, 0.38027969002723694], ""predicted_class"": 0, ""predicted_label"": null}]}"
data\processed\PetImages_224_split\test\Cat\10800.jpg,Cat,200,"{'probabilities': [0.5281904935836792, 0.47180959582328796], 'predicted_class': 0, 'predicted_label': None}","{""predictions"": [{""probabilities"": [0.5281904935836792, 0.47180959582328796], ""predicted_class"": 0, ""predicted_label"": null}]}"
data\processed\PetImages_224_split\test\Cat\10821.jpg,Cat,200,"{'probabilities': [0.5779072642326355, 0.4220927953720093], 'predicted_class': 0, 'predicted_label': None}","{""predictions"": [{""probabilities"": [0.5779072642326355, 0.4220927953720093], ""predicted_class"": 0, ""predicted_label"": null}]}"
data\processed\PetImages_224_split\test\Cat\10824.jpg,Cat,200,"{'probabilities': [0.9667698740959167, 0.03323014825582504], 'predicted_class': 0, 'predicted_label': None}","{""predictions"": [{""probabilities"": [0.9667698740959167, 0.03323014825582504], ""predicted_class"": 0, ""predicted_label"": null}]}"
data\processed\PetImages_224_split\test\Cat\10835.jpg,Cat,200,"{'probabilities': [0.9599184393882751, 0.04008157551288605], 'predicted_class': 0, 'predicted_label': None}","{""predictions"": [{""probabilities"": [0.9599184393882751, 0.04008157551288605], ""predicted_class"": 0, ""predicted_label"": null}]}"
data\processed\PetImages_224_split\test\Cat\1084.jpg,Cat,200,"{'probabilities': [0.6408161520957947, 0.35918381810188293], 'predicted_class': 0, 'predicted_label': None}","{""predictions"": [{""probabilities"": [0.6408161520957947, 0.35918381810188293], ""predicted_class"": 0, ""predicted_label"": null}]}"
data\processed\PetImages_224_split\test\Cat\10851.jpg,Cat,200,"{'probabilities': [0.39991578459739685, 0.6000841856002808], 'predicted_class': 1, 'predicted_label': None}","{""predictions"": [{""probabilities"": [0.39991578459739685, 0.6000841856002808], ""predicted_class"": 1, ""predicted_label"": null}]}"
data\processed\PetImages_224_split\test\Cat\1086.jpg,Cat,200,"{'probabilities': [0.43005460500717163, 0.5699453353881836], 'predicted_class': 1, 'predicted_label': None}","{""predictions"": [{""probabilities"": [0.43005460500717163, 0.5699453353881836], ""predicted_class"": 1, ""predicted_label"": null}]}"
data\processed\PetImages_224_split\test\Cat\10861.jpg,Cat,200,"{'probabilities': [0.902447521686554, 0.09755242615938187], 'predicted_class': 0, 'predicted_label': None}","{""predictions"": [{""probabilities"": [0.902447521686554, 0.09755242615938187], ""predicted_class"": 0, ""predicted_label"": null}]}"
data\processed\PetImages_224_split\test\Cat\10865.jpg,Cat,200,"{'probabilities': [0.02682146057486534, 0.973178505897522], 'predicted_class': 1, 'predicted_label': None}","{""predictions"": [{""probabilities"": [0.02682146057486534, 0.973178505897522], ""predicted_class"": 1, ""predicted_label"": null}]}"
data\processed\PetImages_224_split\test\Cat\10877.jpg,Cat,200,"{'probabilities': [0.9960901141166687, 0.00390990125015378], 'predicted_class': 0, 'predicted_label': None}","{""predictions"": [{""probabilities"": [0.9960901141166687, 0.00390990125015378], ""predicted_class"": 0, ""predicted_label"": null}]}"
data\processed\PetImages_224_split\test\Cat\10885.jpg,Cat,200,"{'probabilities': [0.9994903802871704, 0.0005095693632028997], 'predicted_class': 0, 'predicted_label': None}","{""predictions"": [{""probabilities"": [0.9994903802871704, 0.0005095693632028997], ""predicted_class"": 0, ""predicted_label"": null}]}"
data\processed\PetImages_224_split\test\Cat\10891.jpg,Cat,200,"{'probabilities': [0.19809174537658691, 0.8019082546234131], 'predicted_class': 1, 'predicted_label': None}","{""predictions"": [{""probabilities"": [0.19809174537658691, 0.8019082546234131], ""predicted_class"": 1, ""predicted_label"": null}]}"
data\processed\PetImages_224_split\test\Cat\10896.jpg,Cat,200,"{'probabilities': [0.3236706852912903, 0.6763292551040649], 'predicted_class': 1, 'predicted_label': None}","{""predictions"": [{""probabilities"": [0.3236706852912903, 0.6763292551040649], ""predicted_class"": 1, ""predicted_label"": null}]}"
data\processed\PetImages_224_split\test\Cat\10915.jpg,Cat,200,"{'probabilities': [0.975632905960083, 0.024367066100239754], 'predicted_class': 0, 'predicted_label': None}","{""predictions"": [{""probabilities"": [0.975632905960083, 0.024367066100239754], ""predicted_class"": 0, ""predicted_label"": null}]}"
data\processed\PetImages_224_split\test\Cat\10933.jpg,Cat,200,"{'probabilities': [0.9975827932357788, 0.0024172384291887283], 'predicted_class': 0, 'predicted_label': None}","{""predictions"": [{""probabilities"": [0.9975827932357788, 0.0024172384291887283], ""predicted_class"": 0, ""predicted_label"": null}]}"
data\processed\PetImages_224_split\test\Cat\10941.jpg,Cat,200,"{'probabilities': [0.9804907441139221, 0.019509272649884224], 'predicted_class': 0, 'predicted_label': None}","{""predictions"": [{""probabilities"": [0.9804907441139221, 0.019509272649884224], ""predicted_class"": 0, ""predicted_label"": null}]}"
data\processed\PetImages_224_split\test\Cat\10944.jpg,Cat,200,"{'probabilities': [0.8005232810974121, 0.19947676360607147], 'predicted_class': 0, 'predicted_label': None}","{""predictions"": [{""probabilities"": [0.8005232810974121, 0.19947676360607147], ""predicted_class"": 0, ""predicted_label"": null}]}"
data\processed\PetImages_224_split\test\Cat\10960.jpg,Cat,200,"{'probabilities': [0.9733996391296387, 0.026600390672683716], 'predicted_class': 0, 'predicted_label': None}","{""predictions"": [{""probabilities"": [0.9733996391296387, 0.026600390672683716], ""predicted_class"": 0, ""predicted_label"": null}]}"
data\processed\PetImages_224_split\test\Dog\0.jpg,Dog,200,"{'probabilities': [0.005587819032371044, 0.9944122433662415], 'predicted_class': 1, 'predicted_label': None}","{""predictions"": [{""probabilities"": [0.005587819032371044, 0.9944122433662415], ""predicted_class"": 1, ""predicted_label"": null}]}"
data\processed\PetImages_224_split\test\Dog\10005.jpg,Dog,200,"{'probabilities': [0.0012615722371265292, 0.9987384676933289], 'predicted_class': 1, 'predicted_label': None}","{""predictions"": [{""probabilities"": [0.0012615722371265292, 0.9987384676933289], ""predicted_class"": 1, ""predicted_label"": null}]}"
data\processed\PetImages_224_split\test\Dog\10010.jpg,Dog,200,"{'probabilities': [0.0056655146181583405, 0.9943344593048096], 'predicted_class': 1, 'predicted_label': None}","{""predictions"": [{""probabilities"": [0.0056655146181583405, 0.9943344593048096], ""predicted_class"": 1, ""predicted_label"": null}]}"
data\processed\PetImages_224_split\test\Dog\10041.jpg,Dog,200,"{'probabilities': [0.11848428845405579, 0.8815157413482666], 'predicted_class': 1, 'predicted_label': None}","{""predictions"": [{""probabilities"": [0.11848428845405579, 0.8815157413482666], ""predicted_class"": 1, ""predicted_label"": null}]}"
data\processed\PetImages_224_split\test\Dog\10050.jpg,Dog,200,"{'probabilities': [0.08383042365312576, 0.9161695837974548], 'predicted_class': 1, 'predicted_label': None}","{""predictions"": [{""probabilities"": [0.08383042365312576, 0.9161695837974548], ""predicted_class"": 1, ""predicted_label"": null}]}"
data\processed\PetImages_224_split\test\Dog\10058.jpg,Dog,200,"{'probabilities': [0.22208110988140106, 0.7779188752174377], 'predicted_class': 1, 'predicted_label': None}","{""predictions"": [{""probabilities"": [0.22208110988140106, 0.7779188752174377], ""predicted_class"": 1, ""predicted_label"": null}]}"
data\processed\PetImages_224_split\test\Dog\10065.jpg,Dog,200,"{'probabilities': [0.001817987416870892, 0.9981820583343506], 'predicted_class': 1, 'predicted_label': None}","{""predictions"": [{""probabilities"": [0.001817987416870892, 0.9981820583343506], ""predicted_class"": 1, ""predicted_label"": null}]}"
data\processed\PetImages_224_split\test\Dog\10069.jpg,Dog,200,"{'probabilities': [0.00020631168445106596, 0.9997937083244324], 'predicted_class': 1, 'predicted_label': None}","{""predictions"": [{""probabilities"": [0.00020631168445106596, 0.9997937083244324], ""predicted_class"": 1, ""predicted_label"": null}]}"
data\processed\PetImages_224_split\test\Dog\10070.jpg,Dog,200,"{'probabilities': [0.003353424370288849, 0.9966465830802917], 'predicted_class': 1, 'predicted_label': None}","{""predictions"": [{""probabilities"": [0.003353424370288849, 0.9966465830802917], ""predicted_class"": 1, ""predicted_label"": null}]}"
data\processed\PetImages_224_split\test\Dog\10071.jpg,Dog,200,"{'probabilities': [0.0014387546107172966, 0.9985612034797668], 'predicted_class': 1, 'predicted_label': None}","{""predictions"": [{""probabilities"": [0.0014387546107172966, 0.9985612034797668], ""predicted_class"": 1, ""predicted_label"": null}]}"
data\processed\PetImages_224_split\test\Dog\10084.jpg,Dog,200,"{'probabilities': [0.01798076741397381, 0.9820192456245422], 'predicted_class': 1, 'predicted_label': None}","{""predictions"": [{""probabilities"": [0.01798076741397381, 0.9820192456245422], ""predicted_class"": 1, ""predicted_label"": null}]}"
data\processed\PetImages_224_split\test\Dog\10091.jpg,Dog,200,"{'probabilities': [0.12345471978187561, 0.876545250415802], 'predicted_class': 1, 'predicted_label': None}","{""predictions"": [{""probabilities"": [0.12345471978187561, 0.876545250415802], ""predicted_class"": 1, ""predicted_label"": null}]}"
data\processed\PetImages_224_split\test\Dog\10108.jpg,Dog,200,"{'probabilities': [0.10566271096467972, 0.8943372368812561], 'predicted_class': 1, 'predicted_label': None}","{""predictions"": [{""probabilities"": [0.10566271096467972, 0.8943372368812561], ""predicted_class"": 1, ""predicted_label"": null}]}"
data\processed\PetImages_224_split\test\Dog\10119.jpg,Dog,200,"{'probabilities': [0.04180603846907616, 0.9581940174102783], 'predicted_class': 1, 'predicted_label': None}","{""predictions"": [{""probabilities"": [0.04180603846907616, 0.9581940174102783], ""predicted_class"": 1, ""predicted_label"": null}]}"
data\processed\PetImages_224_split\test\Dog\10130.jpg,Dog,200,"{'probabilities': [0.018941929563879967, 0.9810581207275391], 'predicted_class': 1, 'predicted_label': None}","{""predictions"": [{""probabilities"": [0.018941929563879967, 0.9810581207275391], ""predicted_class"": 1, ""predicted_label"": null}]}"
data\processed\PetImages_224_split\test\Dog\10138.jpg,Dog,200,"{'probabilities': [0.35129716992378235, 0.64870285987854], 'predicted_class': 1, 'predicted_label': None}","{""predictions"": [{""probabilities"": [0.35129716992378235, 0.64870285987854], ""predicted_class"": 1, ""predicted_label"": null}]}"
data\processed\PetImages_224_split\test\Dog\1014.jpg,Dog,200,"{'probabilities': [0.255618691444397, 0.744381308555603], 'predicted_class': 1, 'predicted_label': None}","{""predictions"": [{""probabilities"": [0.255618691444397, 0.744381308555603], ""predicted_class"": 1, ""predicted_label"": null}]}"
data\processed\PetImages_224_split\test\Dog\10142.jpg,Dog,200,"{'probabilities': [0.004931431729346514, 0.9950685501098633], 'predicted_class': 1, 'predicted_label': None}","{""predictions"": [{""probabilities"": [0.004931431729346514, 0.9950685501098633], ""predicted_class"": 1, ""predicted_label"": null}]}"
data\processed\PetImages_224_split\test\Dog\10146.jpg,Dog,200,"{'probabilities': [0.06085854023694992, 0.9391415119171143], 'predicted_class': 1, 'predicted_label': None}","{""predictions"": [{""probabilities"": [0.06085854023694992, 0.9391415119171143], ""predicted_class"": 1, ""predicted_label"": null}]}"
data\processed\PetImages_224_split\test\Dog\1015.jpg,Dog,200,"{'probabilities': [0.0007191238109953701, 0.9992808699607849], 'predicted_class': 1, 'predicted_label': None}","{""predictions"": [{""probabilities"": [0.0007191238109953701, 0.9992808699607849], ""predicted_class"": 1, ""predicted_label"": null}]}"
data\processed\PetImages_224_split\test\Dog\10157.jpg,Dog,200,"{'probabilities': [0.08345700800418854, 0.9165429472923279], 'predicted_class': 1, 'predicted_label': None}","{""predictions"": [{""probabilities"": [0.08345700800418854, 0.9165429472923279], ""predicted_class"": 1, ""predicted_label"": null}]}"
data\processed\PetImages_224_split\test\Dog\10159.jpg,Dog,200,"{'probabilities': [0.034806061536073685, 0.9651939868927002], 'predicted_class': 1, 'predicted_label': None}","{""predictions"": [{""probabilities"": [0.034806061536073685, 0.9651939868927002], ""predicted_class"": 1, ""predicted_label"": null}]}"
data\processed\PetImages_224_split\test\Dog\10167.jpg,Dog,200,"{'probabilities': [0.0019437327282503247, 0.9980562925338745], 'predicted_class': 1, 'predicted_label': None}","{""predictions"": [{""probabilities"": [0.0019437327282503247, 0.9980562925338745], ""predicted_class"": 1, ""predicted_label"": null}]}"
data\processed\PetImages_224_split\test\Dog\10184.jpg,Dog,200,"{'probabilities': [6.560996098414762e-06, 0.9999934434890747], 'predicted_class': 1, 'predicted_label': None}","{""predictions"": [{""probabilities"": [6.560996098414762e-06, 0.9999934434890747], ""predicted_class"": 1, ""predicted_label"": null}]}"
data\processed\PetImages_224_split\test\Dog\10190.jpg,Dog,200,"{'probabilities': [0.007666651625186205, 0.9923334121704102], 'predicted_class': 1, 'predicted_label': None}","{""predictions"": [{""probabilities"": [0.007666651625186205, 0.9923334121704102], ""predicted_class"": 1, ""predicted_label"": null}]}"
data\processed\PetImages_224_split\test\Dog\10197.jpg,Dog,200,"{'probabilities': [0.07027926295995712, 0.9297207593917847], 'predicted_class': 1, 'predicted_label': None}","{""predictions"": [{""probabilities"": [0.07027926295995712, 0.9297207593917847], ""predicted_class"": 1, ""predicted_label"": null}]}"
data\processed\PetImages_224_split\test\Dog\10205.jpg,Dog,200,"{'probabilities': [0.04925161972641945, 0.9507483839988708], 'predicted_class': 1, 'predicted_label': None}","{""predictions"": [{""probabilities"": [0.04925161972641945, 0.9507483839988708], ""predicted_class"": 1, ""predicted_label"": null}]}"
data\processed\PetImages_224_split\test\Dog\10208.jpg,Dog,200,"{'probabilities': [0.09719406068325043, 0.9028059244155884], 'predicted_class': 1, 'predicted_label': None}","{""predictions"": [{""probabilities"": [0.09719406068325043, 0.9028059244155884], ""predicted_class"": 1, ""predicted_label"": null}]}"
data\processed\PetImages_224_split\test\Dog\10225.jpg,Dog,200,"{'probabilities': [0.5524798035621643, 0.4475201666355133], 'predicted_class': 0, 'predicted_label': None}","{""predictions"": [{""probabilities"": [0.5524798035621643, 0.4475201666355133], ""predicted_class"": 0, ""predicted_label"": null}]}"
data\processed\PetImages_224_split\test\Dog\10226.jpg,Dog,200,"{'probabilities': [0.015499879606068134, 0.9845001697540283], 'predicted_class': 1, 'predicted_label': None}","{""predictions"": [{""probabilities"": [0.015499879606068134, 0.9845001697540283], ""predicted_class"": 1, ""predicted_label"": null}]}"
data\processed\PetImages_224_split\test\Dog\10235.jpg,Dog,200,"{'probabilities': [0.1672583371400833, 0.8327416181564331], 'predicted_class': 1, 'predicted_label': None}","{""predictions"": [{""probabilities"": [0.1672583371400833, 0.8327416181564331], ""predicted_class"": 1, ""predicted_label"": null}]}"
data\processed\PetImages_224_split\test\Dog\10236.jpg,Dog,200,"{'probabilities': [0.10972297191619873, 0.890277087688446], 'predicted_class': 1, 'predicted_label': None}","{""predictions"": [{""probabilities"": [0.10972297191619873, 0.890277087688446], ""predicted_class"": 1, ""predicted_label"": null}]}"
data\processed\PetImages_224_split\test\Dog\10239.jpg,Dog,200,"{'probabilities': [0.0034804525785148144, 0.9965195655822754], 'predicted_class': 1, 'predicted_label': None}","{""predictions"": [{""probabilities"": [0.0034804525785148144, 0.9965195655822754], ""predicted_class"": 1, ""predicted_label"": null}]}"
data\processed\PetImages_224_split\test\Dog\10240.jpg,Dog,200,"{'probabilities': [0.10698220878839493, 0.8930177688598633], 'predicted_class': 1, 'predicted_label': None}","{""predictions"": [{""probabilities"": [0.10698220878839493, 0.8930177688598633], ""predicted_class"": 1, ""predicted_label"": null}]}"
data\processed\PetImages_224_split\test\Dog\10252.jpg,Dog,200,"{'probabilities': [0.06810254603624344, 0.9318974614143372], 'predicted_class': 1, 'predicted_label': None}","{""predictions"": [{""probabilities"": [0.06810254603624344, 0.9318974614143372], ""predicted_class"": 1, ""predicted_label"": null}]}"
data\processed\PetImages_224_split\test\Dog\1026.jpg,Dog,200,"{'probabilities': [0.1326179951429367, 0.8673820495605469], 'predicted_class': 1, 'predicted_label': None}","{""predictions"": [{""probabilities"": [0.1326179951429367, 0.8673820495605469], ""predicted_class"": 1, ""predicted_label"": null}]}"
data\processed\PetImages_224_split\test\Dog\10301.jpg,Dog,200,"{'probabilities': [0.006715224124491215, 0.9932848215103149], 'predicted_class': 1, 'predicted_label': None}","{""predictions"": [{""probabilities"": [0.006715224124491215, 0.9932848215103149], ""predicted_class"": 1, ""predicted_label"": null}]}"
data\processed\PetImages_224_split\test\Dog\10303.jpg,Dog,200,"{'probabilities': [0.05559585243463516, 0.9444041848182678], 'predicted_class': 1, 'predicted_label': None}","{""predictions"": [{""probabilities"": [0.05559585243463516, 0.9444041848182678], ""predicted_class"": 1, ""predicted_label"": null}]}"
data\processed\PetImages_224_split\test\Dog\1031.jpg,Dog,200,"{'probabilities': [0.18398146331310272, 0.8160185813903809], 'predicted_class': 1, 'predicted_label': None}","{""predictions"": [{""probabilities"": [0.18398146331310272, 0.8160185813903809], ""predicted_class"": 1, ""predicted_label"": null}]}"
data\processed\PetImages_224_split\test\Dog\10315.jpg,Dog,200,"{'probabilities': [0.02000763639807701, 0.9799923300743103], 'predicted_class': 1, 'predicted_label': None}","{""predictions"": [{""probabilities"": [0.02000763639807701, 0.9799923300743103], ""predicted_class"": 1, ""predicted_label"": null}]}"
data\processed\PetImages_224_split\test\Dog\1032.jpg,Dog,200,"{'probabilities': [0.20230157673358917, 0.797698438167572], 'predicted_class': 1, 'predicted_label': None}","{""predictions"": [{""probabilities"": [0.20230157673358917, 0.797698438167572], ""predicted_class"": 1, ""predicted_label"": null}]}"
data\processed\PetImages_224_split\test\Dog\10334.jpg,Dog,200,"{'probabilities': [0.1019246056675911, 0.8980754017829895], 'predicted_class': 1, 'predicted_label': None}","{""predictions"": [{""probabilities"": [0.1019246056675911, 0.8980754017829895], ""predicted_class"": 1, ""predicted_label"": null}]}"
data\processed\PetImages_224_split\test\Dog\10336.jpg,Dog,200,"{'probabilities': [0.34120506048202515, 0.6587949395179749], 'predicted_class': 1, 'predicted_label': None}","{""predictions"": [{""probabilities"": [0.34120506048202515, 0.6587949395179749], ""predicted_class"": 1, ""predicted_label"": null}]}"
data\processed\PetImages_224_split\test\Dog\10338.jpg,Dog,200,"{'probabilities': [0.2851821482181549, 0.7148178219795227], 'predicted_class': 1, 'predicted_label': None}","{""predictions"": [{""probabilities"": [0.2851821482181549, 0.7148178219795227], ""predicted_class"": 1, ""predicted_label"": null}]}"
data\processed\PetImages_224_split\test\Dog\10354.jpg,Dog,200,"{'probabilities': [0.004592070821672678, 0.9954078793525696], 'predicted_class': 1, 'predicted_label': None}","{""predictions"": [{""probabilities"": [0.004592070821672678, 0.9954078793525696], ""predicted_class"": 1, ""predicted_label"": null}]}"
data\processed\PetImages_224_split\test\Dog\1036.jpg,Dog,200,"{'probabilities': [0.0025478519964963198, 0.9974520802497864], 'predicted_class': 1, 'predicted_label': None}","{""predictions"": [{""probabilities"": [0.0025478519964963198, 0.9974520802497864], ""predicted_class"": 1, ""predicted_label"": null}]}"
data\processed\PetImages_224_split\test\Dog\1037.jpg,Dog,200,"{'probabilities': [0.07474497705698013, 0.9252550005912781], 'predicted_class': 1, 'predicted_label': None}","{""predictions"": [{""probabilities"": [0.07474497705698013, 0.9252550005912781], ""predicted_class"": 1, ""predicted_label"": null}]}"
data\processed\PetImages_224_split\test\Dog\10375.jpg,Dog,200,"{'probabilities': [0.0005149253993295133, 0.9994850158691406], 'predicted_class': 1, 'predicted_label': None}","{""predictions"": [{""probabilities"": [0.0005149253993295133, 0.9994850158691406], ""predicted_class"": 1, ""predicted_label"": null}]}"
data\processed\PetImages_224_split\test\Dog\10384.jpg,Dog,200,"{'probabilities': [0.6586633920669556, 0.34133654832839966], 'predicted_class': 0, 'predicted_label': None}","{""predictions"": [{""probabilities"": [0.6586633920669556, 0.34133654832839966], ""predicted_class"": 0, ""predicted_label"": null}]}"
data\processed\PetImages_224_split\test\Dog\10386.jpg,Dog,200,"{'probabilities': [4.801703107659705e-05, 0.999951958656311], 'predicted_class': 1, 'predicted_label': None}","{""predictions"": [{""probabilities"": [4.801703107659705e-05, 0.999951958656311], ""predicted_class"": 1, ""predicted_label"": null}]}"
data\processed\PetImages_224_split\test\Dog\10404.jpg,Dog,200,"{'probabilities': [0.0013192741898819804, 0.9986807703971863], 'predicted_class': 1, 'predicted_label': None}","{""predictions"": [{""probabilities"": [0.0013192741898819804, 0.9986807703971863], ""predicted_class"": 1, ""predicted_label"": null}]}"
data\processed\PetImages_224_split\test\Dog\10406.jpg,Dog,200,"{'probabilities': [0.10554753243923187, 0.8944524526596069], 'predicted_class': 1, 'predicted_label': None}","{""predictions"": [{""probabilities"": [0.10554753243923187, 0.8944524526596069], ""predicted_class"": 1, ""predicted_label"": null}]}"
data\processed\PetImages_224_split\test\Dog\10409.jpg,Dog,200,"{'probabilities': [0.10520093142986298, 0.8947990536689758], 'predicted_class': 1, 'predicted_label': None}","{""predictions"": [{""probabilities"": [0.10520093142986298, 0.8947990536689758], ""predicted_class"": 1, ""predicted_label"": null}]}"
data\processed\PetImages_224_split\test\Dog\10418.jpg,Dog,200,"{'probabilities': [0.03266819566488266, 0.9673318266868591], 'predicted_class': 1, 'predicted_label': None}","{""predictions"": [{""probabilities"": [0.03266819566488266, 0.9673318266868591], ""predicted_class"": 1, ""predicted_label"": null}]}"
data\processed\PetImages_224_split\test\Dog\10428.jpg,Dog,200,"{'probabilities': [0.04301121085882187, 0.9569888114929199], 'predicted_class': 1, 'predicted_label': None}","{""predictions"": [{""probabilities"": [0.04301121085882187, 0.9569888114929199], ""predicted_class"": 1, ""predicted_label"": null}]}"
data\processed\PetImages_224_split\test\Dog\10430.jpg,Dog,200,"{'probabilities': [0.19310688972473145, 0.8068931698799133], 'predicted_class': 1, 'predicted_label': None}","{""predictions"": [{""probabilities"": [0.19310688972473145, 0.8068931698799133], ""predicted_class"": 1, ""predicted_label"": null}]}"
data\processed\PetImages_224_split\test\Dog\10431.jpg,Dog,200,"{'probabilities': [6.108098750701174e-05, 0.99993896484375], 'predicted_class': 1, 'predicted_label': None}","{""predictions"": [{""probabilities"": [6.108098750701174e-05, 0.99993896484375], ""predicted_class"": 1, ""predicted_label"": null}]}"
data\processed\PetImages_224_split\test\Dog\10432.jpg,Dog,200,"{'probabilities': [0.45479223132133484, 0.5452077388763428], 'predicted_class': 1, 'predicted_label': None}","{""predictions"": [{""probabilities"": [0.45479223132133484, 0.5452077388763428], ""predicted_class"": 1, ""predicted_label"": null}]}"
data\processed\PetImages_224_split\test\Dog\10438.jpg,Dog,200,"{'probabilities': [0.2568056583404541, 0.7431942820549011], 'predicted_class': 1, 'predicted_label': None}","{""predictions"": [{""probabilities"": [0.2568056583404541, 0.7431942820549011], ""predicted_class"": 1, ""predicted_label"": null}]}"
data\processed\PetImages_224_split\test\Dog\10452.jpg,Dog,200,"{'probabilities': [0.007483166176825762, 0.992516815662384], 'predicted_class': 1, 'predicted_label': None}","{""predictions"": [{""probabilities"": [0.007483166176825762, 0.992516815662384], ""predicted_class"": 1, ""predicted_label"": null}]}"
data\processed\PetImages_224_split\test\Dog\10459.jpg,Dog,200,"{'probabilities': [0.0007344119367189705, 0.9992656111717224], 'predicted_class': 1, 'predicted_label': None}","{""predictions"": [{""probabilities"": [0.0007344119367189705, 0.9992656111717224], ""predicted_class"": 1, ""predicted_label"": null}]}"
data\processed\PetImages_224_split\test\Dog\10460.jpg,Dog,200,"{'probabilities': [0.020654041320085526, 0.9793459177017212], 'predicted_class': 1, 'predicted_label': None}","{""predictions"": [{""probabilities"": [0.020654041320085526, 0.9793459177017212], ""predicted_class"": 1, ""predicted_label"": null}]}"
data\processed\PetImages_224_split\test\Dog\10470.jpg,Dog,200,"{'probabilities': [0.8976501822471619, 0.10234986990690231], 'predicted_class': 0, 'predicted_label': None}","{""predictions"": [{""probabilities"": [0.8976501822471619, 0.10234986990690231], ""predicted_class"": 0, ""predicted_label"": null}]}"
data\processed\PetImages_224_split\test\Dog\10478.jpg,Dog,200,"{'probabilities': [0.05105865001678467, 0.9489412903785706], 'predicted_class': 1, 'predicted_label': None}","{""predictions"": [{""probabilities"": [0.05105865001678467, 0.9489412903785706], ""predicted_class"": 1, ""predicted_label"": null}]}"
data\processed\PetImages_224_split\test\Dog\10479.jpg,Dog,200,"{'probabilities': [0.009647670201957226, 0.9903523325920105], 'predicted_class': 1, 'predicted_label': None}","{""predictions"": [{""probabilities"": [0.009647670201957226, 0.9903523325920105], ""predicted_class"": 1, ""predicted_label"": null}]}"
data\processed\PetImages_224_split\test\Dog\10487.jpg,Dog,200,"{'probabilities': [0.11552030593156815, 0.8844797015190125], 'predicted_class': 1, 'predicted_label': None}","{""predictions"": [{""probabilities"": [0.11552030593156815, 0.8844797015190125], ""predicted_class"": 1, ""predicted_label"": null}]}"
data\processed\PetImages_224_split\test\Dog\10495.jpg,Dog,200,"{'probabilities': [0.09326449781656265, 0.9067354798316956], 'predicted_class': 1, 'predicted_label': None}","{""predictions"": [{""probabilities"": [0.09326449781656265, 0.9067354798316956], ""predicted_class"": 1, ""predicted_label"": null}]}"
data\processed\PetImages_224_split\test\Dog\105.jpg,Dog,200,"{'probabilities': [0.04943998530507088, 0.9505599737167358], 'predicted_class': 1, 'predicted_label': None}","{""predictions"": [{""probabilities"": [0.04943998530507088, 0.9505599737167358], ""predicted_class"": 1, ""predicted_label"": null}]}"
data\processed\PetImages_224_split\test\Dog\10522.jpg,Dog,200,"{'probabilities': [0.8174962997436523, 0.18250373005867004], 'predicted_class': 0, 'predicted_label': None}","{""predictions"": [{""probabilities"": [0.8174962997436523, 0.18250373005867004], ""predicted_class"": 0, ""predicted_label"": null}]}"
data\processed\PetImages_224_split\test\Dog\10534.jpg,Dog,200,"{'probabilities': [0.04496511444449425, 0.9550348520278931], 'predicted_class': 1, 'predicted_label': None}","{""predictions"": [{""probabilities"": [0.04496511444449425, 0.9550348520278931], ""predicted_class"": 1, ""predicted_label"": null}]}"
data\processed\PetImages_224_split\test\Dog\10542.jpg,Dog,200,"{'probabilities': [0.015636021271348, 0.9843639731407166], 'predicted_class': 1, 'predicted_label': None}","{""predictions"": [{""probabilities"": [0.015636021271348, 0.9843639731407166], ""predicted_class"": 1, ""predicted_label"": null}]}"
data\processed\PetImages_224_split\test\Dog\10549.jpg,Dog,200,"{'probabilities': [0.001527093816548586, 0.9984728693962097], 'predicted_class': 1, 'predicted_label': None}","{""predictions"": [{""probabilities"": [0.001527093816548586, 0.9984728693962097], ""predicted_class"": 1, ""predicted_label"": null}]}"
data\processed\PetImages_224_split\test\Dog\10561.jpg,Dog,200,"{'probabilities': [0.13615502417087555, 0.8638449907302856], 'predicted_class': 1, 'predicted_label': None}","{""predictions"": [{""probabilities"": [0.13615502417087555, 0.8638449907302856], ""predicted_class"": 1, ""predicted_label"": null}]}"
data\processed\PetImages_224_split\test\Dog\10573.jpg,Dog,200,"{'probabilities': [0.24875272810459137, 0.7512472867965698], 'predicted_class': 1, 'predicted_label': None}","{""predictions"": [{""probabilities"": [0.24875272810459137, 0.7512472867965698], ""predicted_class"": 1, ""predicted_label"": null}]}"
data\processed\PetImages_224_split\test\Dog\1060.jpg,Dog,200,"{'probabilities': [0.009431672282516956, 0.9905683398246765], 'predicted_class': 1, 'predicted_label': None}","{""predictions"": [{""probabilities"": [0.009431672282516956, 0.9905683398246765], ""predicted_class"": 1, ""predicted_label"": null}]}"
data\processed\PetImages_224_split\test\Dog\10602.jpg,Dog,200,"{'probabilities': [1.596673314452346e-06, 0.9999984502792358], 'predicted_class': 1, 'predicted_label': None}","{""predictions"": [{""probabilities"": [1.596673314452346e-06, 0.9999984502792358], ""predicted_class"": 1, ""predicted_label"": null}]}"
data\processed\PetImages_224_split\test\Dog\10625.jpg,Dog,200,"{'probabilities': [0.12735813856124878, 0.872641921043396], 'predicted_class': 1, 'predicted_label': None}","{""predictions"": [{""probabilities"": [0.12735813856124878, 0.872641921043396], ""predicted_class"": 1, ""predicted_label"": null}]}"
data\processed\PetImages_224_split\test\Dog\10631.jpg,Dog,200,"{'probabilities': [0.686523973941803, 0.313476026058197], 'predicted_class': 0, 'predicted_label': None}","{""predictions"": [{""probabilities"": [0.686523973941803, 0.313476026058197], ""predicted_class"": 0, ""predicted_label"": null}]}"
data\processed\PetImages_224_split\test\Dog\1066.jpg,Dog,200,"{'probabilities': [0.002950803143903613, 0.9970492720603943], 'predicted_class': 1, 'predicted_label': None}","{""predictions"": [{""probabilities"": [0.002950803143903613, 0.9970492720603943], ""predicted_class"": 1, ""predicted_label"": null}]}"
data\processed\PetImages_224_split\test\Dog\10663.jpg,Dog,200,"{'probabilities': [3.651424776762724e-05, 0.9999635219573975], 'predicted_class': 1, 'predicted_label': None}","{""predictions"": [{""probabilities"": [3.651424776762724e-05, 0.9999635219573975], ""predicted_class"": 1, ""predicted_label"": null}]}"
data\processed\PetImages_224_split\test\Dog\10687.jpg,Dog,200,"{'probabilities': [0.06374453753232956, 0.9362554550170898], 'predicted_class': 1, 'predicted_label': None}","{""predictions"": [{""probabilities"": [0.06374453753232956, 0.9362554550170898], ""predicted_class"": 1, ""predicted_label"": null}]}"
data\processed\PetImages_224_split\test\Dog\10691.jpg,Dog,200,"{'probabilities': [0.141855850815773, 0.8581441640853882], 'predicted_class': 1, 'predicted_label': None}","{""predictions"": [{""probabilities"": [0.141855850815773, 0.8581441640853882], ""predicted_class"": 1, ""predicted_label"": null}]}"
data\processed\PetImages_224_split\test\Dog\10701.jpg,Dog,200,"{'probabilities': [0.0003940606547985226, 0.9996059536933899], 'predicted_class': 1, 'predicted_label': None}","{""predictions"": [{""probabilities"": [0.0003940606547985226, 0.9996059536933899], ""predicted_class"": 1, ""predicted_label"": null}]}"
data\processed\PetImages_224_split\test\Dog\10704.jpg,Dog,200,"{'probabilities': [0.002199728973209858, 0.9978002905845642], 'predicted_class': 1, 'predicted_label': None}","{""predictions"": [{""probabilities"": [0.002199728973209858, 0.9978002905845642], ""predicted_class"": 1, ""predicted_label"": null}]}"
data\processed\PetImages_224_split\test\Dog\10721.jpg,Dog,200,"{'probabilities': [0.004181751515716314, 0.9958183169364929], 'predicted_class': 1, 'predicted_label': None}","{""predictions"": [{""probabilities"": [0.004181751515716314, 0.9958183169364929], ""predicted_class"": 1, ""predicted_label"": null}]}"
data\processed\PetImages_224_split\test\Dog\10729.jpg,Dog,200,"{'probabilities': [0.7020984888076782, 0.2979015111923218], 'predicted_class': 0, 'predicted_label': None}","{""predictions"": [{""probabilities"": [0.7020984888076782, 0.2979015111923218], ""predicted_class"": 0, ""predicted_label"": null}]}"
data\processed\PetImages_224_split\test\Dog\10732.jpg,Dog,200,"{'probabilities': [0.8587735295295715, 0.14122645556926727], 'predicted_class': 0, 'predicted_label': None}","{""predictions"": [{""probabilities"": [0.8587735295295715, 0.14122645556926727], ""predicted_class"": 0, ""predicted_label"": null}]}"
data\processed\PetImages_224_split\test\Dog\10758.jpg,Dog,200,"{'probabilities': [0.22257548570632935, 0.7774245142936707], 'predicted_class': 1, 'predicted_label': None}","{""predictions"": [{""probabilities"": [0.22257548570632935, 0.7774245142936707], ""predicted_class"": 1, ""predicted_label"": null}]}"
data\processed\PetImages_224_split\test\Dog\1076.jpg,Dog,200,"{'probabilities': [0.029159341007471085, 0.9708406925201416], 'predicted_class': 1, 'predicted_label': None}","{""predictions"": [{""probabilities"": [0.029159341007471085, 0.9708406925201416], ""predicted_class"": 1, ""predicted_label"": null}]}"
data\processed\PetImages_224_split\test\Dog\10771.jpg,Dog,200,"{'probabilities': [0.015010369010269642, 0.9849896430969238], 'predicted_class': 1, 'predicted_label': None}","{""predictions"": [{""probabilities"": [0.015010369010269642, 0.9849896430969238], ""predicted_class"": 1, ""predicted_label"": null}]}"
data\processed\PetImages_224_split\test\Dog\10779.jpg,Dog,200,"{'probabilities': [0.047874610871076584, 0.9521253705024719], 'predicted_class': 1, 'predicted_label': None}","{""predictions"": [{""probabilities"": [0.047874610871076584, 0.9521253705024719], ""predicted_class"": 1, ""predicted_label"": null}]}"
data\processed\PetImages_224_split\test\Dog\10780.jpg,Dog,200,"{'probabilities': [0.19336062669754028, 0.8066394329071045], 'predicted_class': 1, 'predicted_label': None}","{""predictions"": [{""probabilities"": [0.19336062669754028, 0.8066394329071045], ""predicted_class"": 1, ""predicted_label"": null}]}"
data\processed\PetImages_224_split\test\Dog\10781.jpg,Dog,200,"{'probabilities': [0.04472756385803223, 0.955272376537323], 'predicted_class': 1, 'predicted_label': None}","{""predictions"": [{""probabilities"": [0.04472756385803223, 0.955272376537323], ""predicted_class"": 1, ""predicted_label"": null}]}"
data\processed\PetImages_224_split\test\Dog\10787.jpg,Dog,200,"{'probabilities': [0.39180782437324524, 0.6081921458244324], 'predicted_class': 1, 'predicted_label': None}","{""predictions"": [{""probabilities"": [0.39180782437324524, 0.6081921458244324], ""predicted_class"": 1, ""predicted_label"": null}]}"
data\processed\PetImages_224_split\test\Dog\1079.jpg,Dog,200,"{'probabilities': [0.4637804627418518, 0.5362194776535034], 'predicted_class': 1, 'predicted_label': None}","{""predictions"": [{""probabilities"": [0.4637804627418518, 0.5362194776535034], ""predicted_class"": 1, ""predicted_label"": null}]}"
data\processed\PetImages_224_split\test\Dog\10795.jpg,Dog,200,"{'probabilities': [0.12674950063228607, 0.873250424861908], 'predicted_class': 1, 'predicted_label': None}","{""predictions"": [{""probabilities"": [0.12674950063228607, 0.873250424861908], ""predicted_class"": 1, ""predicted_label"": null}]}"
data\processed\PetImages_224_split\test\Dog\10799.jpg,Dog,200,"{'probabilities': [0.001910493359901011, 0.9980894923210144], 'predicted_class': 1, 'predicted_label': None}","{""predictions"": [{""probabilities"": [0.001910493359901011, 0.9980894923210144], ""predicted_class"": 1, ""predicted_label"": null}]}"
data\processed\PetImages_224_split\test\Dog\10803.jpg,Dog,200,"{'probabilities': [0.6323683857917786, 0.3676316440105438], 'predicted_class': 0, 'predicted_label': None}","{""predictions"": [{""probabilities"": [0.6323683857917786, 0.3676316440105438], ""predicted_class"": 0, ""predicted_label"": null}]}"
data\processed\PetImages_224_split\test\Dog\10817.jpg,Dog,200,"{'probabilities': [0.18068678677082062, 0.8193132281303406], 'predicted_class': 1, 'predicted_label': None}","{""predictions"": [{""probabilities"": [0.18068678677082062, 0.8193132281303406], ""predicted_class"": 1, ""predicted_label"": null}]}"
data\processed\PetImages_224_split\test\Dog\10886.jpg,Dog,200,"{'probabilities': [0.5729289650917053, 0.4270710349082947], 'predicted_class': 0, 'predicted_label': None}","{""predictions"": [{""probabilities"": [0.5729289650917053, 0.4270710349082947], ""predicted_class"": 0, ""predicted_label"": null}]}"
